{
	"credit": "Made with Blockbench",
	"textures": {
		"0": "block/custom/cross",
		"particle": "block/custom/cross"
	},
	"elements": [
		{
			"from": [7, 0, 7],
			"to": [8, 5, 8],
			"faces": {
				"north": {"uv": [6.72464, 2.78261, 8.34783, 13.91304], "texture": "#0"},
				"east": {"uv": [6.72464, 2.78261, 8.34783, 13.91304], "texture": "#0"},
				"south": {"uv": [6.72464, 2.78261, 8.34783, 13.91304], "texture": "#0"},
				"west": {"uv": [6.72464, 2.78261, 8.34783, 13.91304], "texture": "#0"},
				"up": {"uv": [6.72464, 2.78261, 8.34783, 13.91304], "texture": "#0"},
				"down": {"uv": [6.72464, 2.78261, 8.34783, 13.91304], "texture": "#0"}
			}
		},
		{
			"from": [8, 3, 7],
			"to": [9, 4, 8],
			"faces": {
				"north": {"uv": [3.71014, 6.02899, 6.10145, 7.72464], "texture": "#0"},
				"east": {"uv": [3.71014, 6.02899, 6.10145, 7.72464], "texture": "#0"},
				"south": {"uv": [3.71014, 6.02899, 6.10145, 7.72464], "texture": "#0"},
				"west": {"uv": [3.71014, 6.02899, 6.10145, 7.72464], "texture": "#0"},
				"up": {"uv": [3.71014, 6.02899, 6.10145, 7.72464], "texture": "#0"},
				"down": {"uv": [3.71014, 6.02899, 6.10145, 7.72464], "texture": "#0"}
			}
		},
		{
			"from": [6, 3, 7],
			"to": [7, 4, 8],
			"faces": {
				"north": {"uv": [9.02899, 6.10145, 11.18841, 7.56522], "texture": "#0"},
				"east": {"uv": [9.02899, 6.10145, 11.18841, 7.56522], "texture": "#0"},
				"south": {"uv": [9.02899, 6.10145, 11.18841, 7.56522], "texture": "#0"},
				"west": {"uv": [9.02899, 6.10145, 11.18841, 7.56522], "texture": "#0"},
				"up": {"uv": [9.02899, 6.10145, 11.18841, 7.56522], "texture": "#0"},
				"down": {"uv": [9.02899, 6.10145, 11.18841, 7.56522], "texture": "#0"}
			}
		}
	],
	"display": {
		"thirdperson_righthand": {
			"translation": [0.75, 11.25, 0.75],
			"scale": [1.67, 1.9, 0.97]
		},
		"thirdperson_lefthand": {
			"translation": [0, 8.5, 0.75],
			"scale": [1.45, 1.47, 1.02]
		},
		"firstperson_righthand": {
			"translation": [0, 8, 1.75],
			"scale": [1.25, 1.29, 1]
		},
		"firstperson_lefthand": {
			"translation": [0, 7.25, 0],
			"scale": [1.22, 1.22, 1]
		},
		"ground": {
			"rotation": [0, -3, 9],
			"translation": [0, 6, 0],
			"scale": [1.54, 1.22, 0.78]
		},
		"gui": {
			"rotation": [0, 27, -30],
			"translation": [8.5, 13.5, 0],
			"scale": [3, 3, 1.83]
		},
		"head": {
			"translation": [0.75, -2, -2.5],
			"scale": [1.63, 1.54, 1]
		},
		"fixed": {
			"translation": [1.25, 16.5, 0],
			"scale": [3, 3, 1]
		}
	}
}
